Year,holc_grade,n_obs,cumsum_n_obs,area_sum,sampling_density
1932,A,113,113,1282.2201636079528,0.08812839105730245
1933,A,56,169,1282.2201636079528,0.13180263795295677
1934,A,47,216,1282.2201636079528,0.16845780945466665
1935,A,38,254,1282.2201636079528,0.19809390556243206
1936,A,13,267,1282.2201636079528,0.2082325700203518
1937,A,30,297,1282.2201636079528,0.23162948800016664
1938,A,22,319,1282.2201636079528,0.24878722785203083
1939,A,17,336,1282.2201636079528,0.26204548137392586
1940,A,73,409,1282.2201636079528,0.31897798179147524
1941,A,40,449,1282.2201636079528,0.35017387243122833
1942,A,17,466,1282.2201636079528,0.3634321259531234
1943,A,2,468,1282.2201636079528,0.36499192048511103
1944,A,9,477,1282.2201636079528,0.3720109958790555
1945,A,1,478,1282.2201636079528,0.3727908931450493
1946,A,12,490,1282.2201636079528,0.38214966033697523
1947,A,30,520,1282.2201636079528,0.40554657831679003
1948,A,5,525,1282.2201636079528,0.4094460646467592
1949,A,7,532,1282.2201636079528,0.414905345508716
1950,A,57,589,1282.2201636079528,0.4593594896703641
1951,A,44,633,1282.2201636079528,0.4936749693740925
1952,A,13,646,1282.2201636079528,0.5038136338320123
1953,A,7,653,1282.2201636079528,0.5092729146939691
1954,A,118,771,1282.2201636079528,0.6013007920812407
1955,A,57,828,1282.2201636079528,0.6457549362428888
1956,A,97,925,1282.2201636079528,0.72140497104429
1957,A,60,985,1282.2201636079528,0.7681988070039196
1958,A,233,1218,1282.2201636079528,0.9499148699804814
1959,A,258,1476,1282.2201636079528,1.1511283646068886
1960,A,368,1844,1282.2201636079528,1.438130558492617
1961,A,310,2154,1282.2201636079528,1.6798987109507035
1962,A,178,2332,1282.2201636079528,1.8187204242976047
1963,A,222,2554,1282.2201636079528,1.9918576173482343
1964,A,179,2733,1282.2201636079528,2.131459227961129
1965,A,208,2941,1282.2201636079528,2.2936778592878455
1966,A,120,3061,1282.2201636079528,2.3872655312071047
1967,A,150,3211,1282.2201636079528,2.5042501211061787
1968,A,243,3454,1282.2201636079528,2.6937651567426784
1969,A,338,3792,1282.2201636079528,2.957370432648592
1970,A,411,4203,1282.2201636079528,3.277908208972055
1971,A,302,4505,1282.2201636079528,3.513437183302191
1972,A,840,5345,1282.2201636079528,4.168550886737005
1973,A,766,6111,1282.2201636079528,4.765952192488277
1974,A,679,6790,1282.2201636079528,5.295502436098086
1975,A,1645,8435,1282.2201636079528,6.578433438657931
1976,A,1295,9730,1282.2201636079528,7.588400398119937
1977,A,980,10710,1282.2201636079528,8.352699718793888
1978,A,782,11492,1282.2201636079528,8.96257938080106
1979,A,401,11893,1282.2201636079528,9.275318184464584
1980,A,528,12421,1282.2201636079528,9.687103940909326
1981,A,1639,14060,1282.2201636079528,10.965355559873208
1982,A,591,14651,1282.2201636079528,11.426274844075559
1983,A,587,15238,1282.2201636079528,11.884074539213936
1984,A,406,15644,1282.2201636079528,12.200712829207431
1985,A,551,16195,1282.2201636079528,12.63043622277003
1986,A,241,16436,1282.2201636079528,12.81839146387454
1987,A,449,16885,1282.2201636079528,13.16856533630577
1988,A,522,17407,1282.2201636079528,13.575671709154546
1989,A,489,17896,1282.2201636079528,13.957041472225528
1990,A,926,18822,1282.2201636079528,14.679226340535813
1991,A,707,19529,1282.2201636079528,15.230613707593449
1992,A,642,20171,1282.2201636079528,15.731307752361484
1993,A,986,21157,1282.2201636079528,16.5002864566314
1994,A,731,21888,1282.2201636079528,17.070391358072886
1995,A,734,22622,1282.2201636079528,17.642835951312357
1996,A,1134,23756,1282.2201636079528,18.527239450949356
1997,A,859,24615,1282.2201636079528,19.197171202438053
1998,A,1390,26005,1282.2201636079528,20.28122840216947
1999,A,3423,29428,1282.2201636079528,22.95081674366634
2000,A,4633,34061,1282.2201636079528,26.564080777015743
2001,A,4932,38993,1282.2201636079528,30.410534092897297
2002,A,5446,44439,1282.2201636079528,34.65785460349968
2003,A,6727,51166,1282.2201636079528,39.90422351184015
2004,A,6625,57791,1282.2201636079528,45.07104289904926
2005,A,8599,66390,1282.2201636079528,51.77737948933018
2006,A,12188,78578,1282.2201636079528,61.28276736726294
2007,A,14969,93547,1282.2201636079528,72.95704954192453
2008,A,21901,115448,1282.2201636079528,90.03757956445534
2009,A,26262,141710,1282.2201636079528,110.51924156398523
2010,A,35644,177354,1282.2201636079528,138.3178997130692
2011,A,59246,236600,1282.2201636079528,184.52369313413948
2012,A,62132,298732,1282.2201636079528,232.98027006486794
2013,A,88491,387223,1282.2201636079528,301.9941590299277
2014,A,92152,479375,1282.2201636079528,373.8632518857908
2015,A,110810,590185,1282.2201636079528,460.2836679305668
2016,A,136828,727013,1282.2201636079528,566.9954510419702
2017,A,149886,876899,1282.2201636079528,683.8911326527209
2018,A,179065,1055964,1282.2201636079528,823.5434365879056
2019,A,206374,1262338,1282.2201636079528,984.4939549601156
2020,A,365862,1628200,1282.2201636079528,1269.8287284911491
2021,A,404686,2032886,1282.2201636079528,1585.442233477127
2022,A,3790,2036676,1282.2201636079528,1588.3980441152437
1932,B,1582,1582,2947.544772010218,0.5367178863651595
1933,B,697,2279,2947.544772010218,0.7731858805475338
1934,B,893,3172,2947.544772010218,1.0761498960494853
1935,B,688,3860,2947.544772010218,1.3095645014977975
1936,B,733,4593,2947.544772010218,1.5582460506164206
1937,B,1660,6253,2947.544772010218,2.121426639343453
1938,B,2538,8791,2947.544772010218,2.9824822623489995
1939,B,1043,9834,2947.544772010218,3.336336090085321
1940,B,656,10490,2947.544772010218,3.5588942022569676
1941,B,1988,12478,2947.544772010218,4.233353847069823
1942,B,3247,15725,2947.544772010218,5.334948649236494
1943,B,1509,17234,2947.544772010218,5.846900160314259
1944,B,1130,18364,2947.544772010218,6.230270079146516
1945,B,540,18904,2947.544772010218,6.413473403190249
1946,B,1691,20595,2947.544772010218,6.987171219779051
1947,B,1077,21672,2947.544772010218,7.352560071621831
1948,B,137,21809,2947.544772010218,7.399039433462556
1949,B,1354,23163,2947.544772010218,7.858404805231472
1950,B,221,23384,2947.544772010218,7.933382461923444
1951,B,2042,25426,2947.544772010218,8.626162439140673
1952,B,1548,26974,2947.544772010218,9.151345301399376
1953,B,992,27966,2947.544772010218,9.48789659297601
1954,B,171,28137,2947.544772010218,9.545910978923194
1955,B,932,29069,2947.544772010218,9.862106345606081
1956,B,390,29459,2947.544772010218,9.994419857415444
1957,B,370,29829,2947.544772010218,10.119948060926891
1958,B,750,30579,2947.544772010218,10.374397122098744
1959,B,1230,31809,2947.544772010218,10.79169358242058
1960,B,1906,33715,2947.544772010218,11.438333463211979
1961,B,2907,36622,2947.544772010218,12.424578024314076
1962,B,2050,38672,2947.544772010218,13.120072124850472
1963,B,1924,40596,2947.544772010218,13.772818783109996
1964,B,2040,42636,2947.544772010218,14.464920229497434
1965,B,1276,43912,2947.544772010218,14.897822898904478
1966,B,930,44842,2947.544772010218,15.213339734757573
1967,B,379,45221,2947.544772010218,15.341921327003082
1968,B,1047,46268,2947.544772010218,15.697132216398987
1969,B,1191,47459,2947.544772010218,16.10119732553989
1970,B,1689,49148,2947.544772010218,16.6742166112989
1971,B,1377,50525,2947.544772010218,17.14138508761042
1972,B,2357,52882,2947.544772010218,17.941033670519825
1973,B,2485,55367,2947.544772010218,18.784108226535896
1974,B,3015,58382,2947.544772010218,19.80699345244674
1975,B,3911,62293,2947.544772010218,21.133860490104222
1976,B,2746,65039,2947.544772010218,22.065483319408095
1977,B,2039,67078,2947.544772010218,22.757245500380638
1978,B,1871,68949,2947.544772010218,23.392011091650684
1979,B,2298,71247,2947.544772010218,24.171643015081237
1980,B,3928,75175,2947.544772010218,25.50427756479195
1981,B,4759,79934,2947.544772010218,27.11884167428107
1982,B,4856,84790,2947.544772010218,28.76631452901509
1983,B,4458,89248,2947.544772010218,30.278759748620576
1984,B,4815,94063,2947.544772010218,31.912322721343866
1985,B,4760,98823,2947.544772010218,33.52722609624789
1986,B,4477,103300,2947.544772010218,35.046117358736396
1987,B,3026,106326,2947.544772010218,36.07273450421109
1988,B,4739,111065,2947.544772010218,37.6805133054023
1989,B,4251,115316,2947.544772010218,39.122730584124355
1990,B,4351,119667,2947.544772010218,40.598874404335994
1991,B,4945,124612,2947.544772010218,42.27654188099574
1992,B,5421,130033,2947.544772010218,44.11569969514588
1993,B,5790,135823,2947.544772010218,46.080046447392576
1994,B,5060,140883,2947.544772010218,47.79672944676533
1995,B,7525,148408,2947.544772010218,50.34970169385625
1996,B,7476,155884,2947.544772010218,52.886049935617265
1997,B,6156,162040,2947.544772010218,54.97456782971583
1998,B,8263,170303,2947.544772010218,57.77791795299984
1999,B,14192,184495,2947.544772010218,62.59277272120107
2000,B,17653,202148,2947.544772010218,68.58182509035667
2001,B,14833,216981,2947.544772010218,73.6141489895061
2002,B,15516,232497,2947.544772010218,78.87819116702939
2003,B,16544,249041,2947.544772010218,84.49099819106554
2004,B,22241,271282,2947.544772010218,92.03660028376308
2005,B,27991,299273,2947.544772010218,101.53297851211148
2006,B,35336,334609,2947.544772010218,113.52126121286956
2007,B,44639,379248,2947.544772010218,128.6657300684033
2008,B,46776,426024,2947.544772010218,144.53520911556933
2009,B,59699,485723,2947.544772010218,164.78901511943386
2010,B,61822,547545,2947.544772010218,185.76308159912216
2011,B,88827,636372,2947.544772010218,215.8990106080716
2012,B,101826,738198,2947.544772010218,250.44505074525156
2013,B,130033,868231,2947.544772010218,294.56075044039744
2014,B,149687,1017918,2947.544772010218,345.34437259990545
2015,B,159341,1177259,2947.544772010218,399.4032630748175
2016,B,183940,1361199,2947.544772010218,461.80774349075136
2017,B,233721,1594920,2947.544772010218,541.1011955256132
2018,B,298209,1893129,2947.544772010218,642.2731956362755
2019,B,366600,2259729,2947.544772010218,766.6478967370767
2020,B,649510,2909239,2947.544772010218,987.0041763660494
2021,B,674377,3583616,2947.544772010218,1215.796969067236
2022,B,11127,3594743,2947.544772010218,1219.5719753387816
1932,C,879,879,4364.636811697716,0.2013913271418555
1933,C,651,1530,4364.636811697716,0.3505446308612502
1934,C,2104,3634,4364.636811697716,0.8326007768299237
1935,C,1571,5205,4364.636811697716,1.192539087341704
1936,C,1190,6395,4364.636811697716,1.4651849113448987
1937,C,544,6939,4364.636811697716,1.5898230023177877
1938,C,555,7494,4364.636811697716,1.7169813488066725
1939,C,756,8250,4364.636811697716,1.8901916369969374
1940,C,411,8661,4364.636811697716,1.9843575476400575
1941,C,373,9034,4364.636811697716,2.0698171210461007
1942,C,198,9232,4364.636811697716,2.1151817203340273
1943,C,215,9447,4364.636811697716,2.164441259964857
1944,C,162,9609,4364.636811697716,2.201557750291342
1945,C,74,9683,4364.636811697716,2.21851219648986
1946,C,113,9796,4364.636811697716,2.2444020940632723
1947,C,110,9906,4364.636811697716,2.269604649223232
1948,C,100,10006,4364.636811697716,2.2925160630050128
1949,C,74,10080,4364.636811697716,2.3094705092035306
1950,C,118,10198,4364.636811697716,2.3365059774660324
1951,C,501,10699,4364.636811697716,2.4512921605127556
1952,C,448,11147,4364.636811697716,2.5539352942551345
1953,C,90,11237,4364.636811697716,2.5745555666587374
1954,C,126,11363,4364.636811697716,2.6034239480237815
1955,C,113,11476,4364.636811697716,2.6293138455971943
1956,C,192,11668,4364.636811697716,2.673303760058214
1957,C,266,11934,4364.636811697716,2.7342481207177514
1958,C,237,12171,4364.636811697716,2.788548171380573
1959,C,125,12296,4364.636811697716,2.817187438607799
1960,C,325,12621,4364.636811697716,2.891649533398587
1961,C,515,13136,4364.636811697716,3.00964331437476
1962,C,920,14056,4364.636811697716,3.2204283211671454
1963,C,823,14879,4364.636811697716,3.408989256591204
1964,C,598,15477,4364.636811697716,3.5459995110062543
1965,C,1251,16728,4364.636811697716,3.8326212974163356
1966,C,1189,17917,4364.636811697716,4.1050380072817125
1967,C,2087,20004,4364.636811697716,4.583199212907483
1968,C,2669,22673,4364.636811697716,5.194704846743219
1969,C,4437,27110,4364.636811697716,6.211284276240845
1970,C,2818,29928,4364.636811697716,6.856927916611435
1971,C,1523,31451,4364.636811697716,7.205868748507961
1972,C,1296,32747,4364.636811697716,7.502800671119843
1973,C,1643,34390,4364.636811697716,7.879235199554506
1974,C,2070,36460,4364.636811697716,8.353501464837374
1975,C,3464,39924,4364.636811697716,9.14715283823827
1976,C,3700,43624,4364.636811697716,9.99487514816417
1977,C,2467,46091,4364.636811697716,10.560099726160708
1978,C,2381,48472,4364.636811697716,11.105620488304915
1979,C,2287,50759,4364.636811697716,11.629604521494247
1980,C,2010,52769,4364.636811697716,12.090123938508047
1981,C,1431,54200,4364.636811697716,12.417986269725334
1982,C,1459,55659,4364.636811697716,12.75226379680152
1983,C,1352,57011,4364.636811697716,13.0620261111312
1984,C,1346,58357,4364.636811697716,13.370413740633973
1985,C,1009,59366,4364.636811697716,13.601589905692144
1986,C,1096,60462,4364.636811697716,13.852699000740463
1987,C,3745,64207,4364.636811697716,14.710731446868165
1988,C,5574,69781,4364.636811697716,15.987813651064641
1989,C,3179,72960,4364.636811697716,16.71616749518746
1990,C,1787,74747,4364.636811697716,17.125594459467887
1991,C,2372,77119,4364.636811697716,17.669053194371735
1992,C,2182,79301,4364.636811697716,18.168980243090196
1993,C,2372,81673,4364.636811697716,18.712438977994044
1994,C,2593,84266,4364.636811697716,19.306531937355626
1995,C,4324,88590,4364.636811697716,20.29722146927984
1996,C,3356,91946,4364.636811697716,21.06612851579641
1997,C,5126,97072,4364.636811697716,22.24056758625051
1998,C,8347,105419,4364.636811697716,24.152983294615773
1999,C,14400,119819,4364.636811697716,27.452226879192246
2000,C,18115,137934,4364.636811697716,31.602629485761884
2001,C,15763,153697,4364.636811697716,35.21415564018403
2002,C,18008,171705,4364.636811697716,39.34004303400717
2003,C,18542,190247,4364.636811697716,43.58827737742501
2004,C,20712,210959,4364.636811697716,48.333689399907506
2005,C,27371,238330,4364.636811697716,54.604772466118796
2006,C,45569,283899,4364.636811697716,65.0452746123386
2007,C,56744,340643,4364.636811697716,78.04612724867245
2008,C,75216,415859,4364.636811697716,95.2791762387769
2009,C,90939,506798,4364.636811697716,116.11458681779077
2010,C,104294,611092,4364.636811697716,140.0098167073615
2011,C,134743,745835,4364.636811697716,170.88134297934675
2012,C,160130,905965,4364.636811697716,207.56938986811278
2013,C,171688,1077653,4364.636811697716,246.90553796177704
2014,C,220457,1298110,4364.636811697716,297.4153534426781
2015,C,211584,1509694,4364.636811697716,345.89223917872175
2016,C,228074,1737768,4364.636811697716,398.14721704738105
2017,C,279144,2016912,4364.636811697716,462.103053934396
2018,C,358338,2375250,4364.636811697716,544.2033558517546
2019,C,429258,2804508,4364.636811697716,642.5524324231524
2020,C,713063,3517571,4364.636811697716,805.9252468779338
2021,C,792314,4309885,4364.636811697716,987.4555858689146
2022,C,10988,4320873,4364.636811697716,989.9730920152567
1932,D,199,199,2688.5107448237172,0.07401867386364053
1933,D,214,413,2688.5107448237172,0.15361664475217857
1934,D,219,632,2688.5107448237172,0.23507438131568248
1935,D,120,752,2688.5107448237172,0.2797087575148627
1936,D,96,848,2688.5107448237172,0.31541625847420685
1937,D,64,912,2688.5107448237172,0.33922125911376966
1938,D,510,1422,2688.5107448237172,0.5289173579602856
1939,D,606,2028,2688.5107448237172,0.7543209577661456
1940,D,579,2607,2688.5107448237172,0.9696818229271902
1941,D,259,2866,2688.5107448237172,1.0660176848904208
1942,D,115,2981,2688.5107448237172,1.1087922954146352
1943,D,49,3030,2688.5107448237172,1.1270179990293006
1944,D,156,3186,2688.5107448237172,1.1850426880882348
1945,D,126,3312,2688.5107448237172,1.231908783097374
1946,D,940,4252,2688.5107448237172,1.5815447299909524
1947,D,343,4595,2688.5107448237172,1.709124655293609
1948,D,242,4837,2688.5107448237172,1.799137313961956
1949,D,597,5434,2688.5107448237172,2.0211933355528773
1950,D,354,5788,2688.5107448237172,2.1528647453404592
1951,D,312,6100,2688.5107448237172,2.2689141234583277
1952,D,401,6501,2688.5107448237172,2.4180673305905884
1953,D,307,6808,2688.5107448237172,2.532256943033491
1954,D,2070,8878,2688.5107448237172,3.3021999324693496
1955,D,712,9590,2688.5107448237172,3.5670305645844858
1956,D,2232,11822,2688.5107448237172,4.397229961889238
1957,D,1007,12829,2688.5107448237172,4.771786768827358
1958,D,519,13348,2688.5107448237172,4.964830445888813
1959,D,500,13848,2688.5107448237172,5.150807013385397
1960,D,741,14589,2688.5107448237172,5.426424286415335
1961,D,759,15348,2688.5107448237172,5.708736715875149
1962,D,867,16215,2688.5107448237172,6.031220083914227
1963,D,671,16886,2688.5107448237172,6.280800637494643
1964,D,828,17714,2688.5107448237172,6.588777833268987
1965,D,967,18681,2688.5107448237172,6.94845651480738
1966,D,381,19062,2688.5107448237172,7.090170659239777
1967,D,363,19425,2688.5107448237172,7.225189647242297
1968,D,503,19928,2688.5107448237172,7.412282074143861
1969,D,621,20549,2688.5107448237172,7.643264970974619
1970,D,407,20956,2688.5107448237172,7.794649896916838
1971,D,437,21393,2688.5107448237172,7.957193416908853
1972,D,751,22144,2688.5107448237172,8.236530221288723
1973,D,514,22658,2688.5107448237172,8.427714132675211
1974,D,823,23481,2688.5107448237172,8.733831562774588
1975,D,551,24032,2688.5107448237172,8.938777740155825
1976,D,981,25013,2688.5107448237172,9.303663765584123
1977,D,997,26010,2688.5107448237172,9.674501041172311
1978,D,2548,28558,2688.5107448237172,10.622237629134904
1979,D,2577,31135,2688.5107448237172,11.580760858012301
1980,D,1440,32575,2688.5107448237172,12.116373372402462
1981,D,1092,33667,2688.5107448237172,12.522546195815004
1982,D,2079,35746,2688.5107448237172,13.2958367634658
1983,D,2016,37762,2688.5107448237172,14.045694283612027
1984,D,1826,39588,2688.5107448237172,14.724880708109554
1985,D,1317,40905,2688.5107448237172,15.214742986895557
1986,D,1478,42383,2688.5107448237172,15.76448972041546
1987,D,1495,43878,2688.5107448237172,16.320559657230245
1988,D,1563,45441,2688.5107448237172,16.901922407224568
1989,D,1552,46993,2688.5107448237172,17.479193672733967
1990,D,2097,49090,2688.5107448237172,18.25917939681464
1991,D,2190,51280,2688.5107448237172,19.07375676244968
1992,D,2345,53625,2688.5107448237172,19.94598686400866
1993,D,2710,56335,2688.5107448237172,20.953979859840146
1994,D,2408,58743,2688.5107448237172,21.849643008903694
1995,D,2712,61455,2688.5107448237172,22.85837991100517
1996,D,2502,63957,2688.5107448237172,23.789006654758076
1997,D,2193,66150,2688.5107448237172,24.604699879798094
1998,D,2978,69128,2688.5107448237172,25.71237631580775
1999,D,4760,73888,2688.5107448237172,27.48287323837523
2000,D,6112,80000,2688.5107448237172,29.75625079945348
2001,D,7193,87193,2688.5107448237172,32.43170969945934
2002,D,8582,95775,2688.5107448237172,35.62381150397071
2003,D,9507,105282,2688.5107448237172,39.159969958350764
2004,D,10397,115679,2688.5107448237172,43.02716670287474
2005,D,13526,129205,2688.5107448237172,48.05820480679233
2006,D,23692,152897,2688.5107448237172,56.87051848105048
2007,D,32024,184921,2688.5107448237172,68.7819456760717
2008,D,40799,225720,2688.5107448237172,83.95726163065798
2009,D,43231,268951,2688.5107448237172,100.03716760954765
2010,D,43027,311978,2688.5107448237172,116.04119514889871
2011,D,52679,364657,2688.5107448237172,135.63531434720383
2012,D,74457,439114,2688.5107448237172,163.32982891939017
2013,D,85417,524531,2688.5107448237172,195.10094985110166
2014,D,114657,639188,2688.5107448237172,237.74798045001336
2015,D,134312,773500,2688.5107448237172,287.7057499172158
2016,D,145414,918914,2688.5107448237172,341.7929430891124
2017,D,180071,1098985,2688.5107448237172,408.77091606046724
2018,D,214919,1313904,2688.5107448237172,488.710711880064
2019,D,256322,1570226,2688.5107448237172,584.0504833477829
2020,D,346038,1916264,2688.5107448237172,712.7604022745489
2021,D,414575,2330839,2688.5107448237172,866.9628732143418
2022,D,7163,2338002,2688.5107448237172,869.6271735202979
